{"cameraMode":{"drawMode":0,"name":"Shaded","section":"Shading Mode"},"sceneLighting":true,"audioPlay":false,"sceneViewState":{"m_AlwaysRefresh":false,"showFog":true,"showSkybox":true,"showFlares":true,"showImageEffects":true,"showParticleSystems":true,"showVisualEffectGraphs":true,"m_FxEnabled":true},"in2DMode":false,"pivot":{"x":-1.4698984622955323,"y":-3.572242259979248,"z":7.977485656738281},"rotation":{"x":0.21882770955562592,"y":-0.0409732423722744,"z":0.009196127764880658,"w":0.9748638868331909},"size":18.229604721069337,"orthographic":false}